[{"model": "admin.logentry", "pk": 1, "fields": {"action_time": "2022-05-25T22:10:38.831Z", "user": 1, "content_type": 4, "object_id": "2", "object_repr": "luis", "action_flag": 1, "change_message": "[{\"added\": {}}]"}}, {"model": "admin.logentry", "pk": 2, "fields": {"action_time": "2022-05-25T22:12:04.107Z", "user": 1, "content_type": 4, "object_id": "3", "object_repr": "Jon", "action_flag": 1, "change_message": "[{\"added\": {}}]"}}, {"model": "admin.logentry", "pk": 3, "fields": {"action_time": "2022-05-26T21:49:41.334Z", "user": 1, "content_type": 4, "object_id": "3", "object_repr": "Jon", "action_flag": 2, "change_message": "[]"}}, {"model": "admin.logentry", "pk": 4, "fields": {"action_time": "2022-05-26T21:49:53.843Z", "user": 1, "content_type": 4, "object_id": "1", "object_repr": "admin", "action_flag": 2, "change_message": "[]"}}, {"model": "admin.logentry", "pk": 5, "fields": {"action_time": "2022-05-26T21:50:33.015Z", "user": 1, "content_type": 4, "object_id": "2", "object_repr": "luis", "action_flag": 2, "change_message": "[{\"added\": {\"name\": \"profile\", \"object\": \"Profile object (1)\"}}]"}}, {"model": "admin.logentry", "pk": 6, "fields": {"action_time": "2022-05-26T21:59:47.359Z", "user": 1, "content_type": 7, "object_id": "1", "object_repr": "Profile object (1)", "action_flag": 2, "change_message": "[{\"changed\": {\"fields\": [\"User\"]}}]"}}, {"model": "admin.logentry", "pk": 7, "fields": {"action_time": "2022-05-26T22:00:44.088Z", "user": 1, "content_type": 7, "object_id": "1", "object_repr": "Profile object (1)", "action_flag": 2, "change_message": "[]"}}, {"model": "admin.logentry", "pk": 8, "fields": {"action_time": "2022-05-26T22:02:55.774Z", "user": 1, "content_type": 7, "object_id": "2", "object_repr": "Jon profile", "action_flag": 1, "change_message": "[{\"added\": {}}]"}}, {"model": "admin.logentry", "pk": 9, "fields": {"action_time": "2022-05-26T22:03:04.880Z", "user": 1, "content_type": 7, "object_id": "3", "object_repr": "luis profile", "action_flag": 1, "change_message": "[{\"added\": {}}]"}}, {"model": "admin.logentry", "pk": 10, "fields": {"action_time": "2022-05-26T22:20:30.373Z", "user": 1, "content_type": 8, "object_id": "1", "object_repr": "Kudos object (1)", "action_flag": 1, "change_message": "[{\"added\": {}}]"}}, {"model": "admin.logentry", "pk": 11, "fields": {"action_time": "2022-05-26T22:20:36.461Z", "user": 1, "content_type": 8, "object_id": "2", "object_repr": "Kudos object (2)", "action_flag": 1, "change_message": "[{\"added\": {}}]"}}, {"model": "admin.logentry", "pk": 12, "fields": {"action_time": "2022-05-27T06:44:15.468Z", "user": 1, "content_type": 8, "object_id": "3", "object_repr": "kudos from luis to admin", "action_flag": 1, "change_message": "[{\"added\": {}}]"}}, {"model": "auth.permission", "pk": 1, "fields": {"name": "Can add log entry", "content_type": 1, "codename": "add_logentry"}}, {"model": "auth.permission", "pk": 2, "fields": {"name": "Can change log entry", "content_type": 1, "codename": "change_logentry"}}, {"model": "auth.permission", "pk": 3, "fields": {"name": "Can delete log entry", "content_type": 1, "codename": "delete_logentry"}}, {"model": "auth.permission", "pk": 4, "fields": {"name": "Can view log entry", "content_type": 1, "codename": "view_logentry"}}, {"model": "auth.permission", "pk": 5, "fields": {"name": "Can add permission", "content_type": 2, "codename": "add_permission"}}, {"model": "auth.permission", "pk": 6, "fields": {"name": "Can change permission", "content_type": 2, "codename": "change_permission"}}, {"model": "auth.permission", "pk": 7, "fields": {"name": "Can delete permission", "content_type": 2, "codename": "delete_permission"}}, {"model": "auth.permission", "pk": 8, "fields": {"name": "Can view permission", "content_type": 2, "codename": "view_permission"}}, {"model": "auth.permission", "pk": 9, "fields": {"name": "Can add group", "content_type": 3, "codename": "add_group"}}, {"model": "auth.permission", "pk": 10, "fields": {"name": "Can change group", "content_type": 3, "codename": "change_group"}}, {"model": "auth.permission", "pk": 11, "fields": {"name": "Can delete group", "content_type": 3, "codename": "delete_group"}}, {"model": "auth.permission", "pk": 12, "fields": {"name": "Can view group", "content_type": 3, "codename": "view_group"}}, {"model": "auth.permission", "pk": 13, "fields": {"name": "Can add user", "content_type": 4, "codename": "add_user"}}, {"model": "auth.permission", "pk": 14, "fields": {"name": "Can change user", "content_type": 4, "codename": "change_user"}}, {"model": "auth.permission", "pk": 15, "fields": {"name": "Can delete user", "content_type": 4, "codename": "delete_user"}}, {"model": "auth.permission", "pk": 16, "fields": {"name": "Can view user", "content_type": 4, "codename": "view_user"}}, {"model": "auth.permission", "pk": 17, "fields": {"name": "Can add content type", "content_type": 5, "codename": "add_contenttype"}}, {"model": "auth.permission", "pk": 18, "fields": {"name": "Can change content type", "content_type": 5, "codename": "change_contenttype"}}, {"model": "auth.permission", "pk": 19, "fields": {"name": "Can delete content type", "content_type": 5, "codename": "delete_contenttype"}}, {"model": "auth.permission", "pk": 20, "fields": {"name": "Can view content type", "content_type": 5, "codename": "view_contenttype"}}, {"model": "auth.permission", "pk": 21, "fields": {"name": "Can add session", "content_type": 6, "codename": "add_session"}}, {"model": "auth.permission", "pk": 22, "fields": {"name": "Can change session", "content_type": 6, "codename": "change_session"}}, {"model": "auth.permission", "pk": 23, "fields": {"name": "Can delete session", "content_type": 6, "codename": "delete_session"}}, {"model": "auth.permission", "pk": 24, "fields": {"name": "Can view session", "content_type": 6, "codename": "view_session"}}, {"model": "auth.permission", "pk": 25, "fields": {"name": "Can add profile", "content_type": 7, "codename": "add_profile"}}, {"model": "auth.permission", "pk": 26, "fields": {"name": "Can change profile", "content_type": 7, "codename": "change_profile"}}, {"model": "auth.permission", "pk": 27, "fields": {"name": "Can delete profile", "content_type": 7, "codename": "delete_profile"}}, {"model": "auth.permission", "pk": 28, "fields": {"name": "Can view profile", "content_type": 7, "codename": "view_profile"}}, {"model": "auth.permission", "pk": 29, "fields": {"name": "Can add kudos", "content_type": 8, "codename": "add_kudos"}}, {"model": "auth.permission", "pk": 30, "fields": {"name": "Can change kudos", "content_type": 8, "codename": "change_kudos"}}, {"model": "auth.permission", "pk": 31, "fields": {"name": "Can delete kudos", "content_type": 8, "codename": "delete_kudos"}}, {"model": "auth.permission", "pk": 32, "fields": {"name": "Can view kudos", "content_type": 8, "codename": "view_kudos"}}, {"model": "auth.permission", "pk": 33, "fields": {"name": "Can add Token", "content_type": 9, "codename": "add_token"}}, {"model": "auth.permission", "pk": 34, "fields": {"name": "Can change Token", "content_type": 9, "codename": "change_token"}}, {"model": "auth.permission", "pk": 35, "fields": {"name": "Can delete Token", "content_type": 9, "codename": "delete_token"}}, {"model": "auth.permission", "pk": 36, "fields": {"name": "Can view Token", "content_type": 9, "codename": "view_token"}}, {"model": "auth.permission", "pk": 37, "fields": {"name": "Can add token", "content_type": 10, "codename": "add_tokenproxy"}}, {"model": "auth.permission", "pk": 38, "fields": {"name": "Can change token", "content_type": 10, "codename": "change_tokenproxy"}}, {"model": "auth.permission", "pk": 39, "fields": {"name": "Can delete token", "content_type": 10, "codename": "delete_tokenproxy"}}, {"model": "auth.permission", "pk": 40, "fields": {"name": "Can view token", "content_type": 10, "codename": "view_tokenproxy"}}, {"model": "auth.user", "pk": 1, "fields": {"password": "pbkdf2_sha256$320000$Gox06jJAn3N2I1R1goKbos$niPRcwGDL05cfVUEwHMylzXCfXYpdahs5oZqTYs9qkg=", "last_login": "2022-05-26T23:42:47.402Z", "is_superuser": true, "username": "admin", "first_name": "", "last_name": "", "email": "", "is_staff": true, "is_active": true, "date_joined": "2022-05-25T20:44:10Z", "groups": [], "user_permissions": []}}, {"model": "auth.user", "pk": 2, "fields": {"password": "pbkdf2_sha256$320000$s48RkiQ9KClXD2He8YuY8i$mr4/aeHB7iCHHu9CcCZCFxrILuC0Ha4XXhkSOYDEG5E=", "last_login": null, "is_superuser": false, "username": "luis", "first_name": "", "last_name": "", "email": "", "is_staff": false, "is_active": true, "date_joined": "2022-05-25T22:10:38Z", "groups": [], "user_permissions": []}}, {"model": "auth.user", "pk": 3, "fields": {"password": "pbkdf2_sha256$320000$iIdNl2T30ZEE2JUUEOgYt3$nvrZ/27iMmEsXPp946niLsSDudjOutKtGr1cV43Gka4=", "last_login": null, "is_superuser": false, "username": "Jon", "first_name": "", "last_name": "", "email": "", "is_staff": false, "is_active": true, "date_joined": "2022-05-25T22:12:03Z", "groups": [], "user_permissions": []}}, {"model": "contenttypes.contenttype", "pk": 1, "fields": {"app_label": "admin", "model": "logentry"}}, {"model": "contenttypes.contenttype", "pk": 2, "fields": {"app_label": "auth", "model": "permission"}}, {"model": "contenttypes.contenttype", "pk": 3, "fields": {"app_label": "auth", "model": "group"}}, {"model": "contenttypes.contenttype", "pk": 4, "fields": {"app_label": "auth", "model": "user"}}, {"model": "contenttypes.contenttype", "pk": 5, "fields": {"app_label": "contenttypes", "model": "contenttype"}}, {"model": "contenttypes.contenttype", "pk": 6, "fields": {"app_label": "sessions", "model": "session"}}, {"model": "contenttypes.contenttype", "pk": 7, "fields": {"app_label": "kudos", "model": "profile"}}, {"model": "contenttypes.contenttype", "pk": 8, "fields": {"app_label": "kudos", "model": "kudos"}}, {"model": "contenttypes.contenttype", "pk": 9, "fields": {"app_label": "authtoken", "model": "token"}}, {"model": "contenttypes.contenttype", "pk": 10, "fields": {"app_label": "authtoken", "model": "tokenproxy"}}, {"model": "sessions.session", "pk": "thbwmfkey9f4tdux3pr0d4s69pvojs1f", "fields": {"session_data": ".eJxVjMsOwiAQRf-FtSFQZkrHpXu_gfAYpGogKe3K-O_apAvd3nPOfQnnt7W4rfPi5iTOQovT7xZ8fHDdQbr7emsytrouc5C7Ig_a5bUlfl4O9--g-F6-NWrNnDJ4owgQJztaTVYDQoA4TGSBkShBxExqzMYwMBEikDU8KCPeH7KANlE:1nuN7v:3vQUf1Eb2gXDggK9U-ly2rheikZCsYAf7GztDgr3hd4", "expire_date": "2022-06-09T23:42:47.403Z"}}, {"model": "sessions.session", "pk": "xddm0atfd4s5j7hy1z1niv39zxjm277y", "fields": {"session_data": ".eJxVjMsOwiAQRf-FtSFQZkrHpXu_gfAYpGogKe3K-O_apAvd3nPOfQnnt7W4rfPi5iTOQovT7xZ8fHDdQbr7emsytrouc5C7Ig_a5bUlfl4O9--g-F6-NWrNnDJ4owgQJztaTVYDQoA4TGSBkShBxExqzMYwMBEikDU8KCPeH7KANlE:1ntxrn:-ShX4neediTiBI1t8OnlIwEd4Qvdqj3Fuafa6tsxkhU", "expire_date": "2022-06-08T20:44:27.427Z"}}, {"model": "kudos.profile", "pk": 1, "fields": {"user": 1, "pic": "https://images.pexels.com/photos/771742/pexels-photo-771742.jpeg", "kudos_budget": 2}}, {"model": "kudos.profile", "pk": 2, "fields": {"user": 3, "pic": "https://www.business2community.com/wp-content/uploads/2017/08/blank-profile-picture-973460_640.png", "kudos_budget": 3}}, {"model": "kudos.profile", "pk": 3, "fields": {"user": 2, "pic": "https://www.business2community.com/wp-content/uploads/2017/08/blank-profile-picture-973460_640.png", "kudos_budget": 3}}, {"model": "kudos.kudos", "pk": 1, "fields": {"from_user": 2, "to_user": 3, "message": "excellent job"}}, {"model": "kudos.kudos", "pk": 2, "fields": {"from_user": 3, "to_user": 2, "message": "excellent job"}}, {"model": "kudos.kudos", "pk": 3, "fields": {"from_user": 2, "to_user": 1, "message": "Hello admin"}}, {"model": "kudos.kudos", "pk": 4, "fields": {"from_user": 1, "to_user": null, "message": "dfsfsd"}}, {"model": "kudos.kudos", "pk": 5, "fields": {"from_user": 1, "to_user": null, "message": "asdasd"}}, {"model": "kudos.kudos", "pk": 6, "fields": {"from_user": 1, "to_user": null, "message": "dasdasd"}}, {"model": "kudos.kudos", "pk": 7, "fields": {"from_user": 1, "to_user": null, "message": "asdasd"}}, {"model": "kudos.kudos", "pk": 8, "fields": {"from_user": 1, "to_user": null, "message": "asdsad"}}, {"model": "kudos.kudos", "pk": 9, "fields": {"from_user": 1, "to_user": null, "message": "asdsad"}}, {"model": "kudos.kudos", "pk": 10, "fields": {"from_user": 1, "to_user": null, "message": "asdasd"}}, {"model": "kudos.kudos", "pk": 11, "fields": {"from_user": 1, "to_user": null, "message": "asdasd"}}, {"model": "kudos.kudos", "pk": 12, "fields": {"from_user": 1, "to_user": null, "message": "asds"}}, {"model": "kudos.kudos", "pk": 13, "fields": {"from_user": 1, "to_user": null, "message": "asds"}}, {"model": "kudos.kudos", "pk": 14, "fields": {"from_user": 1, "to_user": null, "message": "asds"}}, {"model": "kudos.kudos", "pk": 15, "fields": {"from_user": 1, "to_user": null, "message": "asds"}}, {"model": "kudos.kudos", "pk": 16, "fields": {"from_user": 1, "to_user": null, "message": "asds"}}, {"model": "kudos.kudos", "pk": 17, "fields": {"from_user": 1, "to_user": null, "message": "asds"}}, {"model": "kudos.kudos", "pk": 18, "fields": {"from_user": 1, "to_user": null, "message": "asds"}}, {"model": "kudos.kudos", "pk": 19, "fields": {"from_user": 1, "to_user": null, "message": "asds"}}, {"model": "kudos.kudos", "pk": 20, "fields": {"from_user": 1, "to_user": null, "message": "asds"}}, {"model": "kudos.kudos", "pk": 21, "fields": {"from_user": 1, "to_user": null, "message": "asds"}}, {"model": "kudos.kudos", "pk": 22, "fields": {"from_user": 1, "to_user": null, "message": "asds"}}, {"model": "kudos.kudos", "pk": 23, "fields": {"from_user": 1, "to_user": null, "message": "asds"}}, {"model": "kudos.kudos", "pk": 24, "fields": {"from_user": 1, "to_user": null, "message": "asds"}}, {"model": "kudos.kudos", "pk": 25, "fields": {"from_user": 1, "to_user": null, "message": "asdasd"}}, {"model": "kudos.kudos", "pk": 26, "fields": {"from_user": 1, "to_user": 2, "message": "asdasd"}}, {"model": "kudos.kudos", "pk": 27, "fields": {"from_user": 1, "to_user": 2, "message": "asdasd"}}, {"model": "kudos.kudos", "pk": 28, "fields": {"from_user": 1, "to_user": 2, "message": "Hello"}}, {"model": "kudos.kudos", "pk": 29, "fields": {"from_user": 1, "to_user": 2, "message": "asdasd"}}, {"model": "kudos.kudos", "pk": 30, "fields": {"from_user": 1, "to_user": 2, "message": "asdasd"}}, {"model": "kudos.kudos", "pk": 31, "fields": {"from_user": 1, "to_user": 2, "message": "Sup"}}, {"model": "authtoken.token", "pk": "5c00d7c0247f38deb8a6f6ea4e8a335bbcdd5ef1", "fields": {"user": 2, "created": "2022-05-26T23:14:07.433Z"}}, {"model": "authtoken.token", "pk": "d8887a233cbee5c1d1585f5a6ad2a14b74a43a7d", "fields": {"user": 3, "created": "2022-05-26T23:14:07.434Z"}}, {"model": "authtoken.token", "pk": "e0c57b6300af69036f1f9b708bd7993def341d1e", "fields": {"user": 1, "created": "2022-05-26T23:14:07.427Z"}}]